Rk,Player,Tm,2024-25,2025-26,2026-27,2027-28,2028-29,2029-30,Guaranteed,-9999,nba_player_id,nba_team_id
1,Stephen Curry,GSW,55761216.0,59606817.0,62587158.0,,,,177955191.0,curryst01,201939.0,1610612744.0
2,Joel Embiid,PHI,51415938.0,55224526.0,57985752.0,62624612.0,67263472.0,,227250828.0,embiijo01,203954.0,1610612755.0
3,Nikola Jokić,DEN,51415938.0,55224526.0,59033114.0,62841702.0,,,165673578.0,jokicni01,203999.0,1610612743.0
4,Kevin Durant,PHO,51179021.0,54708609.0,,,,,105887630.0,duranke01,201142.0,
5,Bradley Beal,PHO,50203930.0,53666270.0,57128610.0,,,,103870200.0,bealbr01,203078.0,
6,Jaylen Brown,BOS,49205800.0,53142264.0,57078728.0,61015192.0,64951656.0,,285393640.0,brownja02,1627759.0,1610612738.0
7,Devin Booker,PHO,49205800.0,53142264.0,57078728.0,61015192.0,,,220441984.0,bookede01,1626164.0,
8,Karl-Anthony Towns,NYK,49205800.0,53142264.0,57078728.0,61015192.0,,,159426792.0,townska01,1626157.0,1610612752.0
9,Paul George,PHI,49205800.0,51666090.0,54126380.0,56586670.0,,,154998270.0,georgpa01,202331.0,1610612755.0
10,Kawhi Leonard,LAC,49205800.0,50000000.0,50300000.0,,,,149505800.0,leonaka01,202695.0,1610612746.0
11,Jimmy Butler,GSW,48798677.0,54126450.0,56832773.0,,,,159757900.0,butleji01,,1610612744.0
12,Giannis Antetokounmpo,MIL,48787676.0,54126450.0,58456566.0,62786682.0,,,161370692.0,antetgi01,203507.0,1610612749.0
13,Damian Lillard,MIL,48787676.0,54126450.0,58456566.0,,,,102914126.0,lillada01,203081.0,1610612749.0
14,LeBron James,LAL,48728845.0,52627153.0,,,,,48728845.0,jamesle01,2544.0,1610612747.0
15,Zach LaVine,SAC,44531940.0,47499660.0,48967380.0,,,,92031600.0,lavinza01,203897.0,1610612758.0
16,Rudy Gobert,MIN,43827586.0,35000000.0,36500000.0,38000000.0,,,115327586.0,goberru01,203497.0,1610612750.0
17,Anthony Davis,DAL,43219440.0,54126450.0,58456566.0,62786682.0,,,155802456.0,davisan02,203076.0,1610612742.0
18,Luka Dončić,LAL,43031940.0,45999660.0,48967380.0,,,,89031600.0,doncilu01,1629029.0,1610612747.0
19,Trae Young,ATL,43031940.0,45999660.0,48967380.0,,,,89031600.0,youngtr01,1629027.0,1610612737.0
20,Fred VanVleet,HOU,42846615.0,44886930.0,,,,,42846615.0,vanvlfr01,1627832.0,1610612745.0
21,Anthony Edwards,MIN,42176400.0,45550512.0,48924624.0,52298736.0,55672848.0,,244623120.0,edwaran01,1630162.0,1610612750.0
22,Tyrese Haliburton,IND,42176400.0,45550512.0,48924624.0,52298736.0,55672848.0,,244623120.0,halibty01,1630169.0,1610612754.0
23,Lauri Markkanen,UTA,42176400.0,46394100.0,46113154.0,49824681.0,53536209.0,,238044544.0,markkla01,1628374.0,1610612762.0
24,Pascal Siakam,IND,42176400.0,45550512.0,48924624.0,52298736.0,,,188950272.0,siakapa01,1627783.0,1610612754.0
25,Kyrie Irving,DAL,41000000.0,43962963.0,,,,,41000000.0,irvinky01,202681.0,1610612742.0
26,Domantas Sabonis,SAC,40500000.0,43636000.0,46772000.0,49908000.0,,,180816000.0,sabondo01,1627734.0,1610612758.0
27,Ben Simmons,BRK,40011909.0,,,,,,39256083.0,simmobe01,1627732.0,
28,Zion Williamson,NOP,36725670.0,39446090.0,42166510.0,44886930.0,,,163225200.0,willizi01,1629627.0,1610612740.0
29,Ja Morant,MEM,36725670.0,39446090.0,42166510.0,44886930.0,,,163225200.0,moranja01,1629630.0,1610612763.0
30,Darius Garland,CLE,36725670.0,39446090.0,42166510.0,44886930.0,,,163225200.0,garlada01,1629636.0,1610612739.0
31,OG Anunoby,NYK,36637932.0,39568966.0,42500000.0,45431034.0,48362068.0,,164137932.0,anunoog01,1628384.0,1610612752.0
32,Jamal Murray,DEN,36016200.0,46394100.0,50105628.0,53817156.0,57528684.0,,243861768.0,murraja01,1627750.0,1610612743.0
33,Brandon Ingram,TOR,36016200.0,38095238.0,40000000.0,41904762.0,,,114111438.0,ingrabr01,1627742.0,1610612761.0
34,Shai Gilgeous-Alexander,OKC,35859950.0,38333050.0,40806150.0,,,,114999150.0,gilgesh01,1628983.0,1610612760.0
35,Michael Porter Jr.,DEN,35859950.0,38333050.0,40806150.0,,,,86193000.0,portemi01,1629008.0,1610612743.0
36,Donovan Mitchell,CLE,35410310.0,46394100.0,50105628.0,53817156.0,,,131910038.0,mitchdo01,1628378.0,1610612739.0
37,Tyrese Maxey,PHI,35147000.0,37958760.0,40770520.0,43582280.0,46394040.0,,203852600.0,maxeyty01,1630178.0,1610612755.0
38,LaMelo Ball,CHO,35147000.0,37958760.0,40770520.0,43582280.0,46394040.0,,203852600.0,ballla01,1630163.0,
39,Jayson Tatum,BOS,34848340.0,54126450.0,58456566.0,62786682.0,67116798.0,71446914.0,277334836.0,tatumja01,1628369.0,1610612738.0
40,Bam Adebayo,MIA,34848340.0,37096620.0,48713700.0,52610796.0,56507892.0,,173269456.0,adebaba01,1628389.0,1610612748.0
41,De'Aaron Fox,SAS,34848340.0,37096620.0,,,,,71944960.0,foxde01,1628368.0,1610612759.0
42,Desmond Bane,MEM,34005250.0,36725670.0,39446090.0,42166510.0,44886930.0,,197230450.0,banede01,1630217.0,1610612763.0
43,Deandre Ayton,POR,34005126.0,35550814.0,,,,,69555940.0,aytonde01,1629028.0,1610612757.0
44,James Harden,LAC,33653846.0,36346154.0,,,,,33653846.0,hardeja01,201935.0,1610612746.0
45,CJ McCollum,NOP,33333333.0,30666666.0,,,,,63999999.0,mccolcj01,203468.0,1610612740.0
46,Julius Randle,MIN,33073920.0,30935520.0,,,,,33073920.0,randlju01,203944.0,1610612750.0
47,Immanuel Quickley,TOR,32500000.0,32500000.0,32500000.0,32500000.0,32500000.0,,162500000.0,quickim01,1630193.0,1610612761.0
48,Khris Middleton,WAS,31000000.0,33296296.0,,,,,31000000.0,middlkh01,203114.0,1610612764.0
49,Jrue Holiday,BOS,30000000.0,32400000.0,34800000.0,37200000.0,,,97200000.0,holidjr01,201950.0,1610612738.0
50,Isaiah Hartenstein,OKC,30000000.0,28500000.0,28500000.0,,,,58500000.0,harteis01,1628392.0,1610612760.0
51,Jerami Grant,POR,29793104.0,32000001.0,34206898.0,36413790.0,,,96000003.0,grantje01,203924.0,1610612757.0
52,Jordan Poole,WAS,29651786.0,31848215.0,34044642.0,,,,95544643.0,poolejo01,1629673.0,1610612764.0
53,Dejounte Murray,NOP,29517135.0,31557103.0,33597072.0,31619506.0,,,94671310.0,murrade01,1627749.0,1610612740.0
54,Devin Vassell,SAS,29347826.0,27000000.0,27000000.0,24652174.0,27000000.0,,135000000.0,vassede01,1630170.0,1610612759.0
55,Kristaps Porziņģis,BOS,29268293.0,30731707.0,,,,,60000000.0,porzikr01,204001.0,1610612738.0
56,Tyler Herro,MIA,29000000.0,31000000.0,33000000.0,,,,93000000.0,herroty01,1629639.0,1610612748.0
57,Nic Claxton,BRK,27556817.0,25352272.0,23147727.0,20943184.0,,,97000000.0,claxtni01,1629651.0,
58,Miles Bridges,CHO,27173913.0,25000000.0,22826087.0,,,,75000000.0,bridgmi02,1628970.0,
59,John Collins,UTA,26580000.0,26580000.0,,,,,26580000.0,collijo01,1628381.0,1610612762.0
60,Andrew Wiggins,MIA,26276786.0,28223215.0,30169644.0,,,,54500001.0,wiggian01,203952.0,1610612748.0
61,Anfernee Simons,POR,25892857.0,27678571.0,,,,,53571428.0,simonan01,1629014.0,1610612757.0
62,RJ Barrett,TOR,25794643.0,27705357.0,29616071.0,,,,83116071.0,barrerj01,1629628.0,1610612761.0
63,Tobias Harris,DET,25365854.0,26634146.0,,,,,52000000.0,harrito02,202699.0,1610612765.0
64,Jaren Jackson Jr.,MEM,25257798.0,23413395.0,,,,,48671193.0,jacksja02,1628991.0,1610612763.0
65,Jonathan Isaac,ORL,25000000.0,15000000.0,14500000.0,14500000.0,15000000.0,,69000000.0,isaacjo01,1628371.0,1610612753.0
66,Jalen Brunson,NYK,24960001.0,34944001.0,37739521.0,40535041.0,43330561.0,,138178564.0,brunsja01,1628973.0,1610612752.0
67,Terry Rozier,MIA,24924126.0,26643031.0,,,,,51567157.0,roziete01,1626179.0,1610612748.0
68,Kyle Kuzma,MIL,24456061.0,22410605.0,20345152.0,,,,67211818.0,kuzmaky01,1628398.0,1610612749.0
69,Draymond Green,GSW,24107143.0,25892857.0,27678571.0,,,,77678571.0,greendr01,203110.0,1610612744.0
70,DeMar DeRozan,SAC,23400000.0,24570000.0,25740000.0,,,,47970000.0,derozde01,201942.0,1610612758.0
71,Mikal Bridges,NYK,23300000.0,24900000.0,,,,,48200000.0,bridgmi01,1628969.0,1610612752.0
72,Jaden McDaniels,MIN,23017242.0,24858622.0,26700001.0,28541380.0,30382755.0,,133500000.0,mcdanja02,1630183.0,1610612750.0
73,Bruce Brown,NOP,23000000.0,,,,,,23000000.0,brownbr01,1628971.0,1610612740.0
74,Brook Lopez,MIL,23000000.0,,,,,,23000000.0,lopezbr01,201572.0,1610612749.0
75,Aaron Gordon,DEN,22841455.0,22841455.0,31978037.0,34536280.0,37094523.0,,112197227.0,gordoaa01,203932.0,1610612743.0
76,Kentavious Caldwell-Pope,ORL,22757000.0,21621500.0,21621500.0,,,,44378500.0,caldwke01,203484.0,1610612753.0
77,Cameron Johnson,BRK,22500000.0,20543478.0,22500000.0,,,,65543478.0,johnsca02,1629661.0,
78,Malcolm Brogdon,WAS,22500000.0,,,,,,22500000.0,brogdma01,1627763.0,1610612764.0
79,Clint Capela,ATL,22265280.0,,,,,,22265280.0,capelca01,203991.0,1610612737.0
80,Dillon Brooks,HOU,22255493.0,21124110.0,19992727.0,,,,63372330.0,brookdi01,1628415.0,1610612745.0
81,De'Andre Hunter,CLE,21696429.0,23303571.0,24910714.0,,,,69910714.0,huntede01,1629631.0,1610612739.0
82,Lonzo Ball,CHI,21395348.0,10000000.0,10000000.0,,,,31395348.0,balllo01,1628366.0,1610612741.0
83,Marcus Smart,WAS,20210284.0,21586855.0,,,,,41797139.0,smartma01,203935.0,1610612764.0
84,Derrick White,BOS,20071429.0,28100000.0,30348000.0,32596000.0,34844000.0,,111115429.0,whitede01,1628401.0,1610612738.0
85,Jarrett Allen,CLE,20000000.0,20000000.0,28000000.0,30240000.0,32480000.0,,130720000.0,allenja01,1628386.0,1610612739.0
86,Nikola Vučević,CHI,20000000.0,21481481.0,,,,,41481481.0,vucevni01,202696.0,1610612741.0
87,Myles Turner,IND,19928500.0,,,,,,19928500.0,turnemy01,1626167.0,1610612754.0
88,Jakob Poeltl,TOR,19500000.0,19500000.0,19500000.0,,,,39000000.0,poeltja01,1627751.0,1610612761.0
89,Duncan Robinson,MIA,19406000.0,19888000.0,,,,,29294000.0,robindu01,1629130.0,1610612748.0
90,Norman Powell,LAC,19241379.0,20482758.0,,,,,39724137.0,powelno01,1626181.0,1610612746.0
91,Bojan Bogdanović,BRK,19032850.0,,,,,,19032850.0,bogdabo02,202711.0,
92,Keldon Johnson,SAS,19000000.0,17500000.0,17500000.0,,,,54000000.0,johnske04,1629640.0,1610612759.0
93,D'Angelo Russell,BRK,18692307.0,,,,,,18692307.0,russeda01,1626156.0,
94,Collin Sexton,UTA,18350000.0,19175000.0,,,,,37525000.0,sextoco01,1629012.0,1610612762.0
95,Josh Hart,NYK,18144000.0,19472240.0,20923760.0,22375280.0,,,58540000.0,hartjo01,1628404.0,1610612752.0
96,Jusuf Nurkić,CHO,18125000.0,19375000.0,,,,,37500000.0,nurkiju01,203994.0,
97,Patrick Williams,CHI,18000000.0,18000000.0,18000000.0,18000000.0,18000000.0,,72000000.0,willipa01,1630172.0,1610612741.0
98,Harrison Barnes,SAS,18000000.0,19000000.0,,,,,37000000.0,barneha02,203084.0,1610612759.0
99,Malik Monk,SAC,17405203.0,18797619.0,20190035.0,21582451.0,,,56392857.0,monkma01,1628370.0,1610612758.0
100,Bogdan Bogdanović,LAC,17260000.0,16020000.0,16020000.0,,,,33280000.0,bogdabo01,203992.0,1610612746.0
101,Rui Hachimura,LAL,17000000.0,18259259.0,,,,,35259259.0,hachiru01,1629060.0,1610612747.0
102,Kevin Huerter,CHI,16830357.0,17991071.0,,,,,34821428.0,huertke01,1628989.0,1610612741.0
103,Zach Collins,CHI,16741200.0,18080496.0,,,,,34821696.0,colliza01,1628380.0,1610612741.0
104,Caris LeVert,ATL,16615384.0,,,,,,16615384.0,leverca01,1627747.0,1610612737.0
105,Luguentz Dort,OKC,16500000.0,17722222.0,17722222.0,,,,34222222.0,dortlu01,1629652.0,1610612760.0
106,Tim Hardaway Jr.,DET,16193183.0,,,,,,16193183.0,hardati02,203501.0,1610612765.0
107,Klay Thompson,DAL,15873016.0,16666667.0,17460317.0,,,,50000000.0,thompkl01,202691.0,1610612742.0
108,Deni Avdija,POR,15625000.0,14375000.0,13125000.0,11875000.0,,,55000000.0,avdijde01,1630166.0,1610612757.0
109,Grayson Allen,PHO,15625000.0,16875000.0,18125000.0,19375000.0,,,50625000.0,allengr01,1628960.0,
110,P.J. Washington,DAL,15500000.0,14152174.0,,,,,29652174.0,washipj01,1629023.0,1610612742.0
111,Max Strus,CLE,15212068.0,15936452.0,16660836.0,,,,47809356.0,strusma01,1629622.0,1610612739.0
112,Isaiah Stewart,DET,15000000.0,15000000.0,15000000.0,15000000.0,,,45000000.0,stewais01,1630191.0,1610612765.0
113,Dorian Finney-Smith,LAL,14924167.0,15378480.0,,,,,14924167.0,finnedo01,1627827.0,1610612747.0
114,Mitchell Robinson,NYK,14318182.0,12954546.0,,,,,27272728.0,robinmi01,1629011.0,1610612752.0
115,Jordan Clarkson,UTA,14092577.0,14285714.0,,,,,28378291.0,clarkjo01,203903.0,1610612762.0
116,Onyeka Okongwu,ATL,14000000.0,15000000.0,16120000.0,16880000.0,,,62000000.0,okongon01,1630168.0,1610612737.0
117,Naz Reid,MIN,13986432.0,15022464.0,,,,,13986432.0,reidna01,1629675.0,1610612750.0
118,Cade Cunningham,DET,13940809.0,38661750.0,41754690.0,44847630.0,47940570.0,51033510.0,238178959.0,cunnica01,1630595.0,1610612765.0
119,Daniel Gafford,DAL,13394160.0,14386320.0,,,,,27780480.0,gaffoda01,1629655.0,1610612742.0
120,Grant Williams,CHO,13025250.0,13645500.0,14265750.0,,,,40936500.0,willigr01,1629684.0,
121,Dennis Schröder,DET,13025250.0,,,,,,13025250.0,schrode01,203471.0,1610612765.0
122,Isaiah Joe,OKC,12991650.0,12362338.0,11323006.0,11323006.0,,,36676994.0,joeis01,1630198.0,1610612760.0
123,Herbert Jones,NOP,12976362.0,13937574.0,14898786.0,,,,41812722.0,joneshe01,1630529.0,1610612740.0
124,Austin Reaves,LAL,12976362.0,13937574.0,14898786.0,,,,26913936.0,reaveau01,1630559.0,1610612747.0
125,Obi Toppin,IND,12975000.0,14000000.0,15000000.0,16025000.0,,,58000000.0,toppiob01,1630167.0,1610612754.0
126,Cole Anthony,ORL,12900000.0,13100000.0,13100000.0,,,,26000000.0,anthoco01,1630175.0,1610612753.0
127,De'Anthony Melton,BRK,12822000.0,,,,,,12822000.0,meltode01,1629001.0,
128,Kelly Olynyk,NOP,12804878.0,13445122.0,,,,,26250000.0,olynyke01,203482.0,1610612740.0
129,Victor Wembanyama,SAS,12768960.0,13376880.0,16868246.0,,,,26145840.0,wembavi01,1641705.0,1610612759.0
130,Josh Green,CHO,12654321.0,13666667.0,14679012.0,,,,41000000.0,greenjo02,1630182.0,
131,Richaun Holmes,WAS,12648321.0,13280737.0,,,,,12648321.0,holmeri01,1626158.0,1610612764.0
132,Steven Adams,HOU,12600000.0,,,,,,12600000.0,adamsst01,203500.0,1610612745.0
133,Bobby Portis,MIL,12578286.0,13445754.0,,,,,12578286.0,portibo01,1626171.0,1610612749.0
134,Zaccharie Risacher,ATL,12569040.0,13197720.0,13826040.0,17434637.0,,,25766760.0,risacza01,1642258.0,1610612737.0
135,Brandon Clarke,MEM,12500000.0,12500000.0,12500000.0,,,,37500000.0,clarkbr01,1629634.0,1610612763.0
136,Marvin Bagley III,MEM,12500000.0,,,,,,12500000.0,baglema01,1628963.0,1610612763.0
137,Jalen Green,HOU,12483048.0,33333333.0,36000000.0,36000000.0,,,81816381.0,greenja05,1630224.0,1610612745.0
138,Robert Williams,POR,12428571.0,13285713.0,,,,,25714284.0,williro04,,1610612757.0
139,Paolo Banchero,ORL,12160800.0,15334769.0,,,,,27495569.0,banchpa01,1631094.0,1610612753.0
140,Coby White,CHI,12000000.0,12888889.0,,,,,24888889.0,whiteco01,1629632.0,1610612741.0
141,Wendell Carter Jr.,ORL,11950000.0,10850000.0,18102000.0,19550160.0,20998320.0,,60452160.0,cartewe01,1628976.0,1610612753.0
142,Ivica Zubac,LAC,11743210.0,18102000.0,19550160.0,20998320.0,,,70393690.0,zubaciv01,1627826.0,1610612746.0
143,P.J. Tucker,TOR,12025777.0,3468960.0,,,,,11539000.0,tuckepj01,200782.0,1610612761.0
144,Donte DiVincenzo,MIN,11445000.0,11990000.0,12535000.0,,,,35970000.0,divindo01,1628978.0,1610612750.0
145,Brandon Miller,CHO,11424600.0,11968800.0,15104626.0,,,,23393400.0,millebr02,1641706.0,
146,Terance Mann,ATL,11423077.0,15500000.0,15500000.0,16000000.0,,,58423077.0,mannte01,1629611.0,1610612737.0
147,Alex Sarr,WAS,11245680.0,11808240.0,12370680.0,15611798.0,,,23053920.0,sarral01,1642259.0,1610612764.0
148,Evan Mobley,CLE,11227657.0,46394100.0,50105628.0,53817156.0,57528684.0,51033510.0,270106735.0,mobleev01,1630596.0,1610612739.0
149,Larry Nance Jr.,ATL,11205000.0,,,,,,11205000.0,nancela02,1626204.0,1610612737.0
150,Matisse Thybulle,POR,11025000.0,11550000.0,,,,,11025000.0,thybuma01,1629680.0,1610612757.0
151,Aaron Nesmith,IND,11000000.0,11000000.0,11000000.0,,,,33000000.0,nesmiaa01,1630174.0,1610612754.0
152,Gabe Vincent,LAL,11000000.0,11500000.0,,,,,22500000.0,vincega01,1629216.0,1610612747.0
153,Maxi Kleber,LAL,11000000.0,11000000.0,,,,,22000000.0,klebima01,1628467.0,1610612747.0
154,Moritz Wagner,ORL,11000000.0,11000000.0,,,,,11000000.0,wagnemo01,1629021.0,1610612753.0
155,Chet Holmgren,OKC,10880640.0,13731368.0,,,,,24612008.0,holmgch01,1631096.0,1610612760.0
156,Chris Boucher,TOR,10810000.0,,,,,,10810000.0,bouchch01,1628449.0,1610612761.0
157,Jarred Vanderbilt,LAL,10714286.0,11571429.0,12428571.0,13285714.0,,,34714286.0,vandeja01,1629020.0,1610612747.0
158,Aaron Wiggins,OKC,10514017.0,9672897.0,8831776.0,7990655.0,7990655.0,,45000000.0,wiggiaa01,1630598.0,1610612760.0
159,Chris Paul,SAS,10460000.0,,,,,,10460000.0,paulch01,101108.0,1610612759.0
160,Scoot Henderson,POR,10259160.0,10748040.0,13585523.0,,,,21007200.0,hendesc01,1630703.0,1610612757.0
161,Isaac Okoro,CLE,10185186.0,11000000.0,11814814.0,,,,33000000.0,okorois01,1630171.0,1610612739.0
162,Scottie Barnes,TOR,10130980.0,38661750.0,41754690.0,44847630.0,47940570.0,51033510.0,234369130.0,barnesc01,1630567.0,1610612761.0
163,Reed Sheppard,HOU,10098960.0,10603560.0,11108880.0,14041625.0,,,20702520.0,sheppre01,1642263.0,1610612745.0
164,Mike Conley,MIN,9975962.0,10774038.0,,,,,20750000.0,conlemi01,201144.0,1610612750.0
165,Jonas Valančiūnas,SAC,9900000.0,10395000.0,10000000.0,,,,20295000.0,valanjo01,202685.0,1610612758.0
166,Alex Caruso,OKC,9890000.0,18102000.0,19550160.0,20998320.0,22446480.0,,90986960.0,carusal01,1627936.0,1610612760.0
167,Jabari Smith Jr.,HOU,9770880.0,12350392.0,,,,,22121272.0,smithja05,1631095.0,1610612745.0
168,Derrick Jones Jr.,LAC,9523810.0,10000000.0,10476190.0,,,,30000000.0,jonesde02,1627884.0,1610612746.0
169,Al Horford,BOS,9500000.0,,,,,,9500000.0,horfoal01,201143.0,1610612738.0
170,Pat Connaughton,MIL,9423869.0,9423869.0,,,,,9423869.0,connapa01,1626192.0,1610612749.0
171,Royce O'Neale,PHO,9375000.0,10125000.0,10875000.0,11625000.0,,,42000000.0,onealro01,1626220.0,
172,T.J. McConnell,IND,9300000.0,10200000.0,11000000.0,11800000.0,11800000.0,,42300000.0,mccontj01,204456.0,1610612754.0
173,Luke Kennard,MEM,9250000.0,,,,,,9250000.0,kennalu01,1628379.0,1610612763.0
174,Amen Thompson,HOU,9249960.0,9690600.0,12258609.0,,,,18940560.0,thompam01,1641708.0,1610612745.0
175,Jalen Suggs,ORL,9188385.0,35000000.0,32400000.0,29600000.0,26800000.0,26700000.0,132988385.0,suggsja01,1630591.0,1610612753.0
176,Caleb Martin,DAL,9186594.0,9594044.0,10001493.0,9371351.0,,,28782131.0,martica02,1628997.0,1610612742.0
177,Gary Payton II,GSW,9130000.0,,,,,,9130000.0,paytoga02,1627780.0,1610612744.0
178,Stephon Castle,SAS,9105120.0,9560520.0,10015920.0,12670139.0,,,18665640.0,castlst01,1642264.0,1610612759.0
179,Tre Jones,CHI,9104167.0,,,,,,9104167.0,jonestr01,1630200.0,1610612741.0
180,Goga Bitadze,ORL,9057971.0,8333333.0,7608696.0,,,,25000000.0,bitadgo01,1629048.0,1610612753.0
181,Zeke Nnaji,DEN,8888889.0,8177778.0,7466667.0,7466667.0,,,24533334.0,nnajize01,1630192.0,1610612743.0
182,Keegan Murray,SAC,8809560.0,11144093.0,,,,,19953653.0,murrake02,1631099.0,1610612758.0
183,Buddy Hield,GSW,8780488.0,9219512.0,9658536.0,10097560.0,,,27658536.0,hieldbu01,1627741.0,1610612744.0
184,Kyle Anderson,MIA,8780488.0,9219512.0,9658536.0,,,,18000000.0,anderky01,203937.0,1610612748.0
185,Naji Marshall,DAL,8571429.0,9000000.0,9428571.0,,,,27000000.0,marshna01,1630230.0,1610612742.0
186,Jalen Smith,CHI,8571429.0,9000000.0,9428571.0,,,,27000000.0,smithja04,1630188.0,1610612741.0
187,Georges Niang,ATL,8500000.0,8200000.0,,,,,16700000.0,niangge01,1627777.0,1610612737.0
188,Ausar Thompson,DET,8376000.0,8775000.0,11117925.0,,,,17151000.0,thompau01,1641709.0,1610612765.0
189,Josh Giddey,CHI,8352367.0,,,,,,8352367.0,giddejo01,1630581.0,1610612741.0
190,Josh Okogie,CHO,8250000.0,7750000.0,,,,,8250000.0,okogijo01,1629006.0,
191,Ron Holland,DET,8245320.0,8657280.0,9069600.0,11491183.0,,,16902600.0,hollaro01,,1610612765.0
192,Cody Martin,PHO,8120000.0,8680000.0,,,,,8120000.0,martico01,1628998.0,
193,Jock Landale,HOU,8000000.0,8000000.0,8000000.0,,,,16000000.0,landajo01,1629111.0,1610612745.0
194,Trey Lyles,SAC,8000000.0,,,,,,8000000.0,lylestr01,1626168.0,1610612758.0
195,Jeff Green,HOU,8000000.0,,,,,,8000000.0,greenje02,201145.0,1610612745.0
196,Kevon Looney,GSW,8000000.0,,,,,,8000000.0,looneke01,1626172.0,1610612744.0
197,Kelly Oubre Jr.,PHI,7983000.0,8382150.0,,,,,7983000.0,oubreke01,1626162.0,1610612755.0
198,Jaden Ivey,DET,7977240.0,10107163.0,,,,,18084403.0,iveyja01,1631093.0,1610612765.0
199,KJ Martin,UTA,7975000.0,8025000.0,,,,,7975000.0,martike04,1630231.0,1610612762.0
200,Vasilije Micić,PHO,7723000.0,8109150.0,,,,,7723000.0,micicva01,203995.0,
201,Simone Fontecchio,DET,7692308.0,8307692.0,,,,,16000000.0,fontesi01,1631323.0,1610612765.0
202,Jonathan Kuminga,GSW,7636307.0,,,,,,7636307.0,kuminjo01,1630228.0,1610612744.0
203,Anthony Black,ORL,7607760.0,7970280.0,10106316.0,,,,15578040.0,blackan01,1641710.0,1610612753.0
204,Jae'Sean Tate,HOU,7565217.0,,,,,,7565217.0,tateja01,1630256.0,1610612745.0
205,Gary Harris,ORL,7500000.0,7500000.0,,,,,7500000.0,harriga01,203914.0,1610612753.0
206,Tidjane Salaün,CHO,7488720.0,7863240.0,8237880.0,10445633.0,,,15351960.0,salauti01,1642275.0,
207,Bennedict Mathurin,IND,7245720.0,9187573.0,,,,,16433293.0,mathube01,1631097.0,1610612754.0
208,Max Christie,DAL,7142857.0,7714286.0,8285714.0,8857143.0,,,23142857.0,chrisma02,1631108.0,1610612742.0
209,Franz Wagner,ORL,7007092.0,38661750.0,41754690.0,44847630.0,47940570.0,51033510.0,231245242.0,wagnefr01,1630532.0,1610612753.0
210,Ayo Dosunmu,CHI,7000000.0,7518518.0,,,,,14518518.0,dosunay01,1630245.0,1610612741.0
211,Bilal Coulibaly,WAS,6945240.0,7275600.0,9240012.0,,,,14220840.0,coulibi01,1641731.0,1610612764.0
212,Donovan Clingan,POR,6836400.0,7178400.0,7519920.0,9550298.0,,,14014800.0,clingdo01,1642270.0,1610612757.0
213,Payton Pritchard,BOS,6696429.0,7232143.0,7767857.0,8303571.0,,,30000000.0,pritcpa01,1630202.0,1610612738.0
214,Kenrich Williams,OKC,6669000.0,7163000.0,7163000.0,,,,13832000.0,willike04,1629026.0,1610612760.0
215,Shaedon Sharpe,POR,6614160.0,8399983.0,,,,,15014143.0,sharpsh01,1631101.0,1610612757.0
216,Jevon Carter,CHI,6500000.0,6809524.0,,,,,6500000.0,carteje01,1628975.0,1610612741.0
217,Davion Mitchell,MIA,6451077.0,,,,,,6451077.0,mitchda01,1630558.0,1610612748.0
218,Saddiq Bey,WAS,6440678.0,6118644.0,6440678.0,,,,19000000.0,beysa01,1630180.0,1610612764.0
219,Jarace Walker,IND,6362520.0,6665520.0,8478542.0,,,,13028040.0,walkeja02,1641716.0,1610612754.0
220,Rob Dillingham,MIN,6262920.0,6576120.0,6889320.0,8763216.0,,,12839040.0,dilliro01,1642265.0,1610612750.0
221,Dean Wade,CLE,6166667.0,6623456.0,,,,,6166667.0,wadede01,1629731.0,1610612739.0
222,John Konchar,MEM,6165000.0,6165000.0,6165000.0,,,,18495000.0,konchjo01,1629723.0,1610612763.0
223,Ziaire Williams,BRK,6133005.0,,,,,,6133005.0,willizi02,1630533.0,
224,Dyson Daniels,ATL,6059520.0,7707709.0,,,,,13767229.0,daniedy01,1630700.0,1610612737.0
225,Precious Achiuwa,NYK,6000000.0,,,,,,6000000.0,achiupr01,1630173.0,1610612752.0
226,Malik Beasley,DET,6000000.0,,,,,,6000000.0,beaslma01,1627736.0,1610612765.0
227,Chris Duarte,CHI,5893768.0,,,,,,5893768.0,duartch01,1630537.0,1610612741.0
228,Taylor Hendricks,UTA,5848680.0,6127080.0,7805900.0,,,,11975760.0,hendrta01,1641707.0,1610612762.0
229,Moses Moody,GSW,5803269.0,11574075.0,12500000.0,13425925.0,,,43303269.0,moodymo01,1630541.0,1610612744.0
230,Zach Edey,MEM,5756880.0,6045000.0,6332760.0,8067937.0,,,11801880.0,edeyza01,1641744.0,1610612763.0
231,Corey Kispert,WAS,5705887.0,13975000.0,13975000.0,13050000.0,13050000.0,,46705887.0,kispeco01,1630557.0,1610612764.0
232,Jeremy Sochan,SAS,5570040.0,7096231.0,,,,,12666271.0,sochaje01,1631110.0,1610612759.0
233,Cason Wallace,OKC,5555880.0,5820240.0,7420806.0,,,,11376120.0,wallaca01,1641717.0,1610612760.0
234,Cody Williams,UTA,5469120.0,5742480.0,6015600.0,7669890.0,,,11211600.0,willico04,1642262.0,1610612762.0
235,Alperen Şengün,HOU,5424654.0,33944954.0,35642202.0,37339450.0,39036697.0,39036697.0,151387957.0,sengual01,,1610612745.0
236,Johnny Davis,MEM,5291160.0,,,,,,5291160.0,davisjo06,1631098.0,1610612763.0
237,Jett Howard,ORL,5278320.0,5529720.0,7337939.0,,,,10808040.0,howarje01,1641724.0,1610612753.0
238,Dāvis Bertāns,CHO,5250000.0,,,,,,5250000.0,bertada01,202722.0,
239,Haywood Highsmith,MIA,5200000.0,5616000.0,,,,,10816000.0,highsha01,1629312.0,1610612748.0
240,Matas Buzelis,CHI,5195520.0,5455560.0,5715360.0,7584283.0,,,10651080.0,buzelma01,1641824.0,1610612741.0
241,Kris Dunn,LAC,5168000.0,5426400.0,5684800.0,,,,10594400.0,dunnkr01,1627739.0,1610612746.0
242,Dario Šarić,DEN,5168000.0,5426400.0,,,,,5168000.0,saricda01,203967.0,1610612743.0
243,Trey Murphy III,NOP,5159854.0,25000000.0,27000000.0,29000000.0,31000000.0,,117159854.0,murphtr02,1630530.0,1610612740.0
244,Ousmane Dieng,OKC,5027040.0,6670882.0,,,,,11697922.0,diengou01,1631172.0,1610612760.0
245,Dereck Lively II,DAL,5014560.0,5253360.0,7239131.0,,,,10267920.0,livelde01,1641726.0,1610612742.0
246,Nick Richards,PHO,5000000.0,5000000.0,,,,,5000000.0,richani01,1630208.0,
247,Andre Drummond,PHI,5000000.0,5000000.0,,,,,5000000.0,drumman01,203083.0,1610612755.0
248,Drew Eubanks,LAC,5000000.0,4750000.0,,,,,5000000.0,eubandr01,1629234.0,1610612746.0
249,Nikola Topić,OKC,4935960.0,5182920.0,5429760.0,7482210.0,,,10118880.0,topicni01,1642260.0,1610612760.0
250,Tre Mann,CHO,4908373.0,,,,,,4908373.0,manntr01,1630544.0,
251,Jalen Williams,OKC,4775760.0,6580997.0,,,,,11356757.0,willija06,1631114.0,1610612760.0
252,Gradey Dick,TOR,4763760.0,4990560.0,7131511.0,,,,9754320.0,dickgr01,1641711.0,1610612761.0
253,Jalen McDaniels,SAS,4861772.0,,,,,,4741800.0,mcdanja01,1629667.0,1610612759.0
254,Miles McBride,NYK,4710144.0,4333333.0,3956523.0,,,,13000000.0,mcbrimi01,1630540.0,1610612752.0
255,Devin Carter,SAC,4689000.0,4923720.0,5158080.0,7370897.0,,,9612720.0,cartede02,1642269.0,1610612758.0
256,Nicolas Batum,LAC,4668000.0,4901400.0,,,,,4668000.0,batumni01,201587.0,1610612746.0
257,Aaron Holiday,HOU,4668000.0,4901400.0,,,,,4668000.0,holidaa01,1628988.0,1610612745.0
258,Jalen Duren,DET,4536840.0,6483144.0,,,,,11019984.0,durenja01,1631105.0,1610612765.0
259,Jordan Hawkins,NOP,4525680.0,4741320.0,7021895.0,,,,9267000.0,hawkijo01,1641722.0,1610612740.0
260,Jalen Johnson,ATL,4510905.0,30000000.0,30000000.0,30000000.0,30000000.0,30000000.0,154510905.0,johnsja05,1630552.0,1610612737.0
261,Bub Carrington,WAS,4454880.0,4677600.0,4900560.0,7257730.0,,,9132480.0,carrica01,1642267.0,1610612764.0
262,Isaiah Jackson,IND,4435381.0,,,,,,4435381.0,jacksis01,1630543.0,1610612754.0
263,Nickeil Alexander-Walker,MIN,4312500.0,,,,,,4312500.0,alexani01,1629638.0,1610612750.0
264,Ochai Agbaji,TOR,4310280.0,6383525.0,,,,,10693805.0,agbajoc01,1630534.0,1610612761.0
265,Kobe Bufkin,ATL,4299000.0,4503720.0,6904203.0,,,,8802720.0,bufkiko01,1641723.0,1610612737.0
266,Quentin Grimes,PHI,4296682.0,,,,,,4296682.0,grimequ01,1629656.0,1610612755.0
267,Kel'el Ware,MIA,4231800.0,4443360.0,4654920.0,7135992.0,,,8675160.0,wareke01,1642276.0,1610612748.0
268,Bones Hyland,ATL,4158439.0,,,,,,4158439.0,hylanbo01,1630538.0,1610612737.0
269,Mark Williams,CHO,4094280.0,6276531.0,,,,,10370811.0,willima07,1631109.0,
270,Keyonte George,UTA,4084200.0,4278960.0,6563925.0,,,,8363160.0,georgke01,1641718.0,1610612762.0
271,Cam Thomas,BRK,4041249.0,,,,,,4041249.0,thomaca02,1630560.0,
272,Jared McCain,PHI,4020360.0,4221360.0,4422600.0,6784268.0,,,8241720.0,mccaija01,1642272.0,1610612755.0
273,Jaden Springer,HOU,4772772.0,2349578.0,2667944.0,,,,4018363.0,sprinja01,1630531.0,1610612745.0
274,Dwight Powell,DAL,4000000.0,4000000.0,,,,,4000000.0,poweldw01,203939.0,1610612742.0
275,Day'Ron Sharpe,BRK,3989122.0,,,,,,3989122.0,sharpda01,1630549.0,
276,Santi Aldama,MEM,3960531.0,,,,,,3960531.0,aldamsa01,1630583.0,1610612763.0
277,Amir Coffey,LAC,3938271.0,,,,,,3938271.0,coffeam01,1629599.0,1610612746.0
278,Jalen Hood-Schifino,UTA,3879840.0,,,,,,3879840.0,hoodsja01,1641720.0,1610612762.0
279,Kevin Love,MIA,3850000.0,4150000.0,,,,,8000000.0,loveke01,201567.0,1610612748.0
280,Dalton Knecht,LAL,3819120.0,4010160.0,4201080.0,6452860.0,,,7829280.0,knechda01,1642261.0,1610612747.0
281,Tari Eason,HOU,3695160.0,5675766.0,,,,,9370926.0,easonta01,1631106.0,1610612745.0
282,Jaime Jaquez Jr.,MIA,3685800.0,3861600.0,5939141.0,,,,7547400.0,jaqueja01,1631170.0,1610612748.0
283,Tristan Da Silva,ORL,3628440.0,3809520.0,3991200.0,6138466.0,,,7437960.0,dasiltr01,1641783.0,1610612753.0
284,Brandin Podziemski,GSW,3519960.0,3687960.0,5679459.0,,,,7207920.0,podzibr01,1641764.0,1610612744.0
285,Dalen Terry,CHI,3510480.0,5399118.0,,,,,8909598.0,terryda01,1631207.0,1610612741.0
286,Svi Mykhailiuk,UTA,3500000.0,3675000.0,3850000.0,4025000.0,,,3500000.0,mykhasv01,1629004.0,1610612762.0
287,Cody Zeller,HOU,3500000.0,,,,,,3500000.0,zelleco01,203469.0,1610612745.0
288,Ja'Kobe Walter,TOR,3465000.0,3638160.0,3811800.0,5870172.0,,,7103160.0,walteja01,1642266.0,1610612761.0
289,Cam Whitmore,HOU,3379080.0,3539760.0,5458310.0,,,,6918840.0,whitmca01,1641715.0,1610612745.0
290,Jake LaRavia,SAC,3352680.0,5163127.0,,,,,3352680.0,laravja01,1631222.0,1610612758.0
291,Jaylon Tyson,CLE,3326160.0,3492480.0,3658560.0,5641500.0,,,6818640.0,tysonja01,1642281.0,1610612739.0
292,Eric Gordon,PHI,3303771.0,3468960.0,,,,,3303771.0,gordoer01,201569.0,1610612755.0
293,Cory Joseph,ORL,3303771.0,3468960.0,,,,,3303771.0,josepco01,202709.0,1610612753.0
294,Russell Westbrook,DEN,5631296.0,3468960.0,,,,,3303771.0,westbru01,201566.0,1610612743.0
295,Noah Clowney,BRK,3244080.0,3398640.0,5414034.0,,,,6642720.0,clownno01,1641730.0,
296,Malaki Branham,SAS,3217920.0,4962033.0,,,,,8179953.0,branhma01,1631103.0,1610612759.0
297,Yves Missi,NOP,3193200.0,3353040.0,3512760.0,5595827.0,,,6546240.0,missiyv01,1642274.0,1610612740.0
298,Dante Exum,DAL,3150000.0,,,,,,3150000.0,exumda01,,1610612742.0
299,Dariq Whitehead,BRK,3114240.0,3262560.0,5366912.0,,,,6376800.0,whiteda01,1641727.0,
300,Nassir Little,PHO,3107143.0,3107143.0,3107143.0,3107143.0,3107143.0,,15535715.0,littlna01,1629642.0,
301,Christian Braun,DEN,3089640.0,4921797.0,,,,,8011437.0,braunch01,1631128.0,1610612743.0
302,Johnny Juzang,UTA,3087519.0,2840518.0,2708000.0,2789215.0,,,3087519.0,juzanjo01,1630548.0,1610612762.0
303,DaRon Holmes,DEN,3065640.0,3218760.0,3372120.0,5547138.0,,,6284400.0,holmeda01,,1610612743.0
304,Josh Richardson,UTA,3051153.0,,,,,,3051153.0,richajo01,1626196.0,1610612762.0
305,Christian Wood,LAL,3036040.0,,,,,,3036040.0,woodch01,1626174.0,1610612747.0
306,Kyle Filipowski,UTA,3000000.0,3000000.0,3000000.0,3000000.0,,,6000000.0,filipky01,1642271.0,1610612762.0
307,Julian Champagnie,SAS,3000000.0,3000000.0,3000000.0,,,,3000000.0,champju02,1630577.0,1610612759.0
308,Ajay Mitchell,OKC,3000000.0,3000000.0,,,,,3000000.0,mitchaj01,1642349.0,1610612760.0
309,Kris Murray,POR,2990040.0,3132000.0,5315004.0,,,,6122040.0,murrakr01,1631200.0,1610612757.0
310,Walker Kessler,UTA,2965920.0,4878938.0,,,,,7844858.0,kesslwa01,1631117.0,1610612762.0
311,Shake Milton,LAL,2875000.0,3000000.0,3287406.0,,,,9162406.0,miltosh01,1629003.0,1610612747.0
312,Olivier-Maxence Prosper,DAL,2870400.0,3007080.0,5259383.0,,,,5877480.0,prospol01,1641765.0,1610612742.0
313,David Roddy,ATL,2967212.0,,,,,,2847240.0,roddyda01,1631223.0,1610612737.0
314,Torrey Craig,CHI,3625162.0,,,,,,2845342.0,craigto01,1628470.0,1610612741.0
315,Kyshawn George,WAS,2825520.0,2966760.0,3108000.0,5435892.0,,,5792280.0,georgky01,1642273.0,1610612764.0
316,AJ Johnson,WAS,2795294.0,3090480.0,3237120.0,5493394.0,,,5885774.0,johnsaj01,1642358.0,1610612764.0
317,Marcus Sasser,DET,2755080.0,2886720.0,5198983.0,,,,5641800.0,sassema01,1631204.0,1610612765.0
318,Dewayne Dedmon,DET,2748674.0,,,,,,2748674.0,dedmode01,203473.0,1610612765.0
319,MarJon Beauchamp,LAC,2733720.0,,,,,,2733720.0,beaucma01,1630699.0,1610612746.0
320,Trendon Watford,BRK,2726603.0,,,,,,2726603.0,watfotr01,1630570.0,
321,Ben Sheppard,IND,2663880.0,2790720.0,5031669.0,,,,5454600.0,sheppbe01,1641767.0,1610612754.0
322,Keita Bates-Diop,MIN,2654644.0,,,,,,2654644.0,bateske01,1628966.0,1610612750.0
323,Blake Wesley,SAS,2624280.0,4726328.0,,,,,7350608.0,weslebl01,1631104.0,1610612759.0
324,Dillon Jones,OKC,2622360.0,2753280.0,2884440.0,5200646.0,,,5375640.0,jonesdi01,1641794.0,1610612760.0
325,Nick Smith Jr.,CHO,2587200.0,2710680.0,4890067.0,,,,5297880.0,smithni01,1641733.0,
326,Brice Sensabaugh,UTA,2571480.0,2693760.0,4862237.0,,,,5265240.0,sensabr01,1641729.0,1610612762.0
327,Ty Jerome,CLE,2560975.0,,,,,,2560975.0,jeromty01,1629660.0,1610612739.0
328,Julian Strawther,DEN,2552520.0,2674200.0,4826931.0,,,,5226720.0,strawju01,1631124.0,1610612743.0
329,Terrence Shannon Jr.,MIN,2546640.0,2674080.0,2801640.0,5054159.0,,,5220720.0,shannte01,1630545.0,1610612750.0
330,Wendell Moore Jr.,DET,2537040.0,,,,,,2537040.0,moorewe01,1631111.0,1610612765.0
331,Kobe Brown,LAC,2533920.0,2654880.0,4792059.0,,,,5188800.0,brownko01,1641738.0,1610612746.0
332,Ryan Dunn,PHO,2530800.0,2657760.0,2784240.0,5025553.0,,,5188560.0,dunnry01,1642346.0,
333,Isaiah Collier,UTA,2512680.0,2638200.0,2763960.0,4988948.0,,,5150880.0,colliis01,1642268.0,1610612762.0
334,Baylor Scheierman,BOS,2494320.0,2619000.0,2744040.0,4952993.0,,,10191353.0,scheiba01,1631248.0,1610612738.0
335,Paul Reed,DET,3913234.0,,,,,,3913234.0,reedpa01,1630194.0,1610612765.0
336,Nikola Jović,MIA,2464200.0,4445417.0,,,,,6909617.0,jovicni01,1631107.0,1610612748.0
337,Cam Reddish,LAL,2463946.0,,,,,,2463946.0,reddica01,1629629.0,1610612747.0
338,Jaxson Hayes,LAL,2463946.0,,,,,,2463946.0,hayesja02,1629637.0,1610612747.0
339,Patrick Baldwin Jr.,SAS,2448840.0,,,,,,2448840.0,baldwpa01,1631116.0,1610612759.0
340,DaQuan Jeffries,CHO,2425404.0,2743776.0,3080918.0,,,,2425404.0,jeffrda01,1629610.0,
341,Peyton Watson,DEN,2413560.0,4356476.0,,,,,6770036.0,watsope01,1631212.0,1610612743.0
342,Kevin Porter Jr.,MIL,3366937.0,2546675.0,,,,,2366937.0,porteke02,1629645.0,1610612749.0
343,Russell Westbrook,UTA,5631296.0,3468960.0,,,,,2327525.0,westbru01,201566.0,1610612762.0
344,Charlie Brown Jr.,CHO,2237692.0,,,,,,2237692.0,brownch02,1629718.0,
345,Xavier Tillman Sr.,BOS,2237691.0,2546675.0,,,,,4784366.0,tillmxa01,,1610612738.0
346,Anthony Gill,WAS,2237691.0,2546675.0,,,,,2237691.0,gillan01,1630264.0,1610612764.0
347,James Wiseman,TOR,2237691.0,,,,,,2237691.0,wisemja01,1630164.0,1610612761.0
348,Garrison Mathews,ATL,2230253.0,,,,,,2230253.0,mathega01,1629726.0,1610612737.0
349,JaVale McGee,DAL,2208856.0,2208856.0,2208856.0,2208856.0,,,8835424.0,mcgeeja01,201580.0,1610612742.0
350,Jeremiah Robinson-Earl,NOP,2196970.0,,,,,,2196970.0,robinje02,1630526.0,1610612740.0
351,Lindy Waters III,DET,2196970.0,,,,,,2196970.0,waterli01,1630322.0,1610612765.0
352,Dalano Banton,POR,2196970.0,,,,,,2019706.0,bantoda01,1630625.0,1610612757.0
353,Sam Merrill,CLE,2164993.0,,,,,,2164993.0,merrisa01,1630241.0,1610612739.0
354,Duane Washington Jr.,CHO,2162607.0,,,,,,2162607.0,washidu02,1630613.0,
355,Luka Garza,MIN,2162606.0,2349578.0,,,,,2162606.0,garzalu01,1630568.0,1610612750.0
356,Keon Johnson,BRK,2162606.0,2349578.0,,,,,2162606.0,johnske07,1630553.0,
357,Neemias Queta,BOS,2162606.0,2349578.0,2667944.0,,,,2162606.0,quetane01,1629674.0,1610612738.0
358,Vit Krejci,ATL,2162606.0,2349578.0,2667944.0,3005085.0,,,2162606.0,krejcvi01,,1610612737.0
359,Vince Williams Jr.,MEM,2120693.0,2301587.0,2489752.0,,,,4422280.0,willivi01,1631246.0,1610612763.0
360,Colby Jones,WAS,2120693.0,2221677.0,2406205.0,,,,2120693.0,jonesco02,1641732.0,1610612764.0
361,Keon Ellis,SAC,2120693.0,2301587.0,,,,,2120693.0,elliske01,1631165.0,1610612758.0
362,A.J. Green,MIL,2120693.0,2301587.0,,,,,2120693.0,greenaj01,,1610612749.0
363,Sam Hauser,BOS,2092344.0,10044644.0,10848215.0,11651785.0,12455356.0,,47092344.0,hausesa01,1630573.0,1610612738.0
364,Jericho Sims,MIL,2092344.0,,,,,,2092344.0,simsje01,1630579.0,1610612749.0
365,Jay Huff,MEM,2088033.0,2349578.0,2667944.0,3005085.0,,,4437611.0,huffja01,1630643.0,1610612763.0
366,Tyler Kolek,NYK,2087519.0,2191897.0,2296271.0,2486995.0,,,6575687.0,kolekty01,1642278.0,1610612752.0
367,Scotty Pippen Jr.,MEM,2087519.0,2270735.0,2461462.0,2789215.0,,,4358254.0,pippesc02,1630590.0,1610612763.0
368,Reggie Jackson,WAS,4033748.0,,,,,,2087519.0,jacksre01,202704.0,1610612764.0
369,Alex Len,WAS,2831348.0,,,,,,2087519.0,lenal01,203458.0,1610612764.0
370,Mo Bamba,UTA,2207491.0,,,,,,2087519.0,bambamo01,1628964.0,1610612762.0
371,Garrett Temple,TOR,2087519.0,,,,,,2087519.0,templga01,202066.0,1610612761.0
372,Charles Bassey,SAS,2087519.0,2500000.0,,,,,2087519.0,bassech01,1629646.0,1610612759.0
373,Jordan McLaughlin,SAS,2087519.0,,,,,,2087519.0,mclaujo01,1629162.0,1610612759.0
374,Sandro Mamukelashvili,SAS,2087519.0,,,,,,2087519.0,mamuksa01,1630572.0,1610612759.0
375,Doug McDermott,SAC,2087519.0,,,,,,2087519.0,mcderdo01,203926.0,1610612758.0
376,Tyus Jones,PHO,2087519.0,,,,,,2087519.0,jonesty01,1626145.0,
377,Bol Bol,PHO,2087519.0,,,,,,2087519.0,bolbo01,1629626.0,
378,Monte Morris,PHO,2087519.0,,,,,,2087519.0,morrimo01,,
379,Mason Plumlee,PHO,2087519.0,,,,,,2087519.0,plumlma01,203486.0,
380,Damion Lee,PHO,2087519.0,,,,,,2087519.0,leeda03,1627814.0,
381,Guerschon Yabusele,PHI,2087519.0,,,,,,2087519.0,yabusgu01,1627824.0,1610612755.0
382,Kyle Lowry,PHI,2087519.0,,,,,,2087519.0,lowryky01,200768.0,1610612755.0
383,Daniel Theis,OKC,2087519.0,,,,,,2087519.0,theisda01,1628464.0,1610612760.0
384,Cameron Payne,NYK,2087519.0,,,,,,2087519.0,payneca01,1626166.0,1610612752.0
385,Delon Wright,NYK,2087519.0,,,,,,2087519.0,wrighde01,1626153.0,1610612752.0
386,Joe Ingles,MIN,2087519.0,,,,,,2087519.0,inglejo01,204060.0,1610612750.0
387,Gary Trent Jr.,MIL,2087519.0,,,,,,2087519.0,trentga02,1629018.0,1610612749.0
388,Taurean Prince,MIL,2087519.0,,,,,,2087519.0,princta02,1627752.0,1610612749.0
389,Alec Burks,MIA,2087519.0,,,,,,2087519.0,burksal01,202692.0,1610612748.0
390,Markieff Morris,LAL,2087519.0,,,,,,2087519.0,morrima02,202693.0,1610612747.0
391,Patty Mills,LAC,2087519.0,,,,,,2087519.0,millspa02,201988.0,1610612746.0
392,James Johnson,IND,2087519.0,,,,,,2087519.0,johnsja01,201949.0,1610612754.0
393,Thomas Bryant,IND,2087519.0,,,,,,2087519.0,bryanth01,1628418.0,1610612754.0
394,DeAndre Jordan,DEN,2087519.0,,,,,,2087519.0,jordade01,201599.0,1610612743.0
395,Vlatko Čančar,DEN,2087519.0,,,,,,2087519.0,cancavl01,1628427.0,1610612743.0
396,Spencer Dinwiddie,DAL,2087519.0,,,,,,2087519.0,dinwisp01,203915.0,1610612742.0
397,Tristan Thompson,CLE,2087519.0,,,,,,2087519.0,thomptr01,202684.0,1610612739.0
398,Seth Curry,CHO,2087519.0,,,,,,2087519.0,curryse01,203552.0,
399,Taj Gibson,CHO,2087519.0,,,,,,2087519.0,gibsota01,201959.0,
400,Talen Horton-Tucker,CHI,2087519.0,,,,,,2087519.0,hortota01,1629659.0,1610612741.0
401,Luke Kornet,BOS,2087519.0,,,,,,2087519.0,kornelu01,1628436.0,1610612738.0
402,Duop Reath,POR,2048780.0,2221677.0,,,,,2048780.0,reathdu01,1641871.0,1610612757.0
403,Andrew Nembhard,IND,2019699.0,18102000.0,19550160.0,20998320.0,,,60670179.0,nembhan01,1629614.0,1610612754.0
404,Jaden Hardy,DAL,2019699.0,6000000.0,6000000.0,6000000.0,,,14019699.0,hardyja02,1630702.0,1610612742.0
405,Jabari Walker,POR,2019699.0,,,,,,2019699.0,walkeja01,1631133.0,1610612757.0
406,Caleb Houstan,ORL,2019699.0,2187699.0,,,,,2019699.0,houstca01,1631216.0,1610612753.0
407,Jaylin Williams,OKC,2019699.0,2187451.0,,,,,2019699.0,willija07,1631119.0,1610612760.0
408,Josh Minott,MIN,2019699.0,2187451.0,,,,,2019699.0,minotjo01,1631169.0,1610612750.0
409,Kennedy Chandler,MEM,2019699.0,,,,,,2019699.0,chandke01,1631113.0,1610612763.0
410,Jose Alvarado,NOP,1988598.0,4500000.0,4500000.0,,,,6488598.0,alvarjo01,1630631.0,1610612740.0
411,Reggie Jackson,CHO,4033748.0,,,,,,1946229.0,jacksre01,202704.0,
412,Ricky Council IV,PHI,1891857.0,2221677.0,2406205.0,,,,4113534.0,councri01,1641741.0,1610612755.0
413,GG Jackson II,MEM,1891857.0,2221677.0,2406205.0,,,,4113534.0,jacksgg01,,1610612763.0
414,Jalen Pickett,DEN,1891857.0,2221677.0,2406205.0,,,,4113534.0,pickeja02,1629618.0,1610612743.0
415,Hunter Tyson,DEN,1891857.0,2221677.0,2406205.0,,,,4113534.0,tysonhu01,1641816.0,1610612743.0
416,Julian Phillips,CHI,1891857.0,2221677.0,2406205.0,,,,4113534.0,phillju01,1641763.0,1610612741.0
417,Jordan Walsh,BOS,1891857.0,2221677.0,2406205.0,,,,2091857.0,walshjo01,1641775.0,1610612738.0
418,Sidy Cissoko,WAS,1891857.0,,,,,,1891857.0,cissosi01,1631321.0,1610612764.0
419,Toumani Camara,POR,1891857.0,2221677.0,2406205.0,,,,1891857.0,camarto01,1641739.0,1610612757.0
420,Rayan Rupert,POR,1891857.0,2221677.0,,,,,1891857.0,ruperra01,1641712.0,1610612757.0
421,Leonard Miller,MIN,1891857.0,2221677.0,2406205.0,,,,1891857.0,millele01,1631159.0,1610612750.0
422,Chris Livingston,MIL,1891857.0,2221677.0,2406205.0,,,,1891857.0,livinch01,1641753.0,1610612749.0
423,Andre Jackson Jr.,MIL,1891857.0,2221677.0,2406205.0,,,,1891857.0,jacksan01,1641748.0,1610612749.0
424,Trayce Jackson-Davis,GSW,1891857.0,2221677.0,2406205.0,,,,1891857.0,jackstr02,1631218.0,1610612744.0
425,Gui Santos,GSW,1891857.0,2221677.0,,,,,1891857.0,santogu01,1630611.0,1610612744.0
426,Craig Porter Jr.,CLE,1891857.0,2221677.0,2406205.0,,,,1891857.0,portecr01,1641854.0,1610612739.0
427,Maxwell Lewis,BRK,1891857.0,2221677.0,2406205.0,,,,1891857.0,lewisma05,1641721.0,
428,Jalen Wilson,BRK,1891857.0,2221677.0,,,,,1891857.0,wilsoja03,1630592.0,
429,Mouhamed Gueye,ATL,1891857.0,2221677.0,2406205.0,,,,1891857.0,gueyemo02,1631243.0,1610612737.0
430,Jonathan Mogbo,TOR,1862265.0,1955377.0,2296271.0,,,,3817642.0,mogbojo01,1642367.0,1610612761.0
431,Jamal Shead,TOR,1862265.0,1955377.0,2296271.0,,,,3817642.0,sheadja01,1642347.0,1610612761.0
432,Johnny Furphy,IND,1850842.0,1955377.0,2296271.0,2486995.0,,,6102490.0,furphjo01,1642277.0,1610612754.0
433,Pacome Dadiet,NYK,1808080.0,2847600.0,2983680.0,5373608.0,,,4655680.0,dadiepa01,1642359.0,1610612752.0
434,Justin Champagnie,WAS,1800000.0,2349578.0,2667944.0,3005085.0,,,6817522.0,champju01,1630551.0,1610612764.0
435,Javonte Green,NOP,2328350.0,,,,,,1728488.0,greenja02,1629750.0,1610612740.0
436,Jae Crowder,SAC,1655619.0,,,,,,1655619.0,crowdja01,203109.0,1610612758.0
437,Paul Reed,DET,3913234.0,,,,,,3913234.0,reedpa01,1630194.0,1610612765.0
438,Karlo Matković,NOP,1407153.0,1955377.0,2296271.0,,,,3362530.0,matkoka01,1631255.0,1610612740.0
439,Landry Shamet,NYK,1343690.0,,,,,,1343690.0,shamela01,1629013.0,1610612752.0
440,Eric Bledsoe,POR,1300000.0,,,,,,1300000.0,bledser01,202339.0,1610612757.0
441,Bobi Klintman,DET,1257153.0,1955377.0,2296271.0,2486995.0,,,3212530.0,klintbo01,1641752.0,1610612765.0
442,Tyler Smith,MIL,1157153.0,1955377.0,2296271.0,2486995.0,,,5408801.0,smithty02,1641890.0,1610612749.0
443,Oso Ighodaro,PHO,1157153.0,1955377.0,2296271.0,2486995.0,,,3112530.0,ighodos01,1642345.0,
444,Jaylen Wells,MEM,1157153.0,1955377.0,2296271.0,2486995.0,,,3112530.0,wellsja01,1642377.0,1610612763.0
445,Bronny James,LAL,1157153.0,1955377.0,2296271.0,2486995.0,,,3112530.0,jamesbr02,1642355.0,1610612747.0
446,Cam Christie,LAC,1157153.0,1955377.0,2296271.0,2486995.0,,,3112530.0,chrisca02,1642353.0,1610612746.0
447,Adem Bona,PHI,1157153.0,1955377.0,2296271.0,2486995.0,,,1157153.0,bonaad01,1641737.0,1610612755.0
448,Antonio Reeves,NOP,1157153.0,1955377.0,2296271.0,,,,1157153.0,reevean01,1641810.0,1610612740.0
449,Pelle Larsson,MIA,1157153.0,1955377.0,2296271.0,,,,1157153.0,larsspe01,1641796.0,1610612748.0
450,Bruno Fernando,TOR,1115128.0,,,,,,1115128.0,fernabr01,1628981.0,1610612761.0
451,Ariel Hukporti,NYK,1064049.0,1955377.0,,,,,1064049.0,hukpoar01,1630574.0,1610612752.0
452,PJ Dozier,MIN,1051255.0,,,,,,1051255.0,doziepj01,1628408.0,1610612750.0
453,Jordan Miller,LAC,1050000.0,2191897.0,2378864.0,2573347.0,,,1050000.0,millejo02,1641757.0,1610612746.0
454,Jamison Battle,TOR,1000000.0,1955377.0,2296271.0,,,,1000000.0,battlja01,1642419.0,1610612761.0
455,Kevin Porter Jr.,OKC,3366937.0,2546675.0,,,,,1000000.0,porteke02,1629645.0,1610612760.0
456,Joshua Primo,LAC,1000000.0,,,,,,1000000.0,primojo01,1630563.0,1610612746.0
457,Orlando Robinson,SAC,1691610.0,,,,,,959779.0,robinor01,1631115.0,1610612758.0
458,Moussa Diabaté,CHO,957763.0,2270735.0,2461462.0,,,,957763.0,diabamo01,1631217.0,
459,Lonnie Walker IV,PHI,780932.0,2940876.0,,,,,780932.0,walkelo01,1629022.0,1610612755.0
460,Torrey Craig,BOS,3625162.0,,,,,,779820.0,craigto01,1628470.0,1610612738.0
461,Ben Simmons,LAC,40011909.0,,,,,,755826.0,simmobe01,1627732.0,1610612746.0
462,Jared Butler,PHI,745726.0,2349578.0,,,,,745726.0,butleja02,1630215.0,1610612755.0
463,Alex Len,LAL,2831348.0,,,,,,743829.0,lenal01,203458.0,1610612747.0
464,Markelle Fultz,SAC,731831.0,,,,,,731831.0,fultzma01,1628365.0,1610612758.0
465,Keshad Johnson,MIA,724883.0,1955377.0,,,,,724883.0,johnske10,1642352.0,1610612748.0
466,E.J. Liddell,PHO,706898.0,706898.0,706898.0,,,,2120694.0,liddeej01,1630604.0,
467,Nik Stauskas,IND,702310.0,,,,,,702310.0,stausni01,203917.0,1610612754.0
468,Tyrese Martin,BRK,635853.0,2191897.0,,,,,635853.0,martity01,1631213.0,
469,Jaden Springer,UTA,4772772.0,2349578.0,2667944.0,,,,754409.0,sprinja01,1630531.0,1610612762.0
470,Matt Ryan,NYK,621439.0,,,,,,621439.0,ryanma01,1630346.0,1610612752.0
471,Ryan Rollins,WAS,1091887.0,,,,,,600000.0,rolliry01,1631157.0,1610612764.0
472,Javonte Green,CLE,2328350.0,,,,,,599862.0,greenja02,1629750.0,1610612739.0
473,Brandon Boston Jr.,NOP,596581.0,2349578.0,,,,,596581.0,bostobr01,,1610612740.0
474,Juwan Morgan,IND,576229.0,,,,,,576229.0,morgaju01,1629752.0,1610612754.0
475,Malik Fitts,IND,555216.0,,,,,,555216.0,fittsma01,1630238.0,1610612754.0
476,Jeenathan Williams,HOU,515881.0,2270735.0,2461462.0,2789215.0,,,515881.0,willije02,,1610612745.0
477,Bismack Biyombo,SAS,647851.0,,,,,,791818.0,biyombi01,202687.0,1610612759.0
478,Jaylen Clark,MIN,492323.0,2191897.0,,,,,2684220.0,clarkja02,1641740.0,1610612750.0
479,Dominick Barlow,ATL,491887.0,2270735.0,,,,,2762622.0,barlodo01,1631230.0,1610612737.0
480,Orlando Robinson,TOR,1691610.0,,,,,,731831.0,robinor01,1631115.0,1610612761.0
481,Ryan Rollins,MIL,1091887.0,,,,,,491887.0,rolliry01,1631157.0,1610612749.0
482,Mamadi Diakite,MEM,464050.0,464050.0,464050.0,,,,1392150.0,diakima01,1629603.0,1610612763.0
483,Quinten Post,GSW,438920.0,1955377.0,,,,,438920.0,postqu01,1642366.0,1610612744.0
484,Pat Spencer,GSW,438810.0,,,,,,438810.0,spencpa01,1630311.0,1610612744.0
485,Justin Edwards,PHI,425619.0,1955377.0,,,,,425619.0,edwarju01,1642348.0,1610612755.0
486,Ricky Rubio,CLE,424672.0,424672.0,424672.0,,,,1274016.0,rubiori01,201937.0,1610612739.0
487,Lamar Stevens,MEM,623856.0,,,,,,623856.0,stevela01,1630205.0,1610612763.0
488,Branden Carlson,OKC,496519.0,,,,,,496519.0,carlsbr01,1642382.0,1610612760.0
489,Tony Bradley,IND,600545.0,2940876.0,,,,,600545.0,bradlto01,1628396.0,1610612754.0
490,Moses Brown,IND,426632.0,,,,,,306660.0,brownmo01,1629650.0,1610612754.0
491,Jaylen Nowell,NOP,446743.0,,,,,,278782.0,nowelja01,1629669.0,1610612740.0
492,Elfrid Payton,NOP,789048.0,3153598.0,,,,,549104.0,paytoel01,203901.0,1610612740.0
493,Didi Louzada,POR,268032.0,268032.0,268032.0,268032.0,268032.0,,1340160.0,louzama01,1629712.0,1610612757.0
494,Kevin Knox,GSW,503883.0,,,,,,503883.0,knoxke01,,1610612744.0
495,AJ Griffin,HOU,250000.0,,,,,,250000.0,griffaj01,1631100.0,1610612745.0
496,P.J. Tucker,NYK,12025777.0,3468960.0,,,,,486777.0,tuckepj01,200782.0,1610612752.0
497,Jordan Goodwin,LAL,223718.0,2349578.0,,,,,223718.0,goodwjo01,1630692.0,1610612747.0
498,Jaylen Nowell,WAS,446743.0,,,,,,167961.0,nowelja01,1629669.0,1610612764.0
499,Isaac Jones,SAC,152957.0,1955377.0,,,,,152957.0,jonesis01,1642403.0,1610612758.0
500,Tony Bradley,IND,600545.0,2940876.0,,,,,600545.0,bradlto01,1628396.0,1610612754.0
501,Bismack Biyombo,SAS,647851.0,,,,,,791818.0,biyombi01,202687.0,1610612759.0
502,Bismack Biyombo,SAS,647851.0,,,,,,791818.0,biyombi01,202687.0,1610612759.0
503,Malevy Leons,OKC,126356.0,,,,,,126356.0,leonsma01,1642502.0,1610612760.0
504,Jaden Springer,UTA,4772772.0,2349578.0,2667944.0,,,,754409.0,sprinja01,1630531.0,1610612762.0
505,Orlando Robinson,TOR,1691610.0,,,,,,731831.0,robinor01,1631115.0,1610612761.0
506,Orlando Robinson,TOR,1691610.0,,,,,,731831.0,robinor01,1631115.0,1610612761.0
507,Lamar Stevens,MEM,623856.0,,,,,,623856.0,stevela01,1630205.0,1610612763.0
508,Lamar Stevens,MEM,623856.0,,,,,,623856.0,stevela01,1630205.0,1610612763.0
509,Tony Bradley,IND,600545.0,2940876.0,,,,,600545.0,bradlto01,1628396.0,1610612754.0
510,Elfrid Payton,NOP,789048.0,3153598.0,,,,,549104.0,paytoel01,203901.0,1610612740.0
511,Elfrid Payton,NOP,789048.0,3153598.0,,,,,549104.0,paytoel01,203901.0,1610612740.0
512,Kevin Knox,GSW,503883.0,,,,,,503883.0,knoxke01,,1610612744.0
513,Kevin Knox,GSW,503883.0,,,,,,503883.0,knoxke01,,1610612744.0
514,P.J. Tucker,NYK,12025777.0,3468960.0,,,,,486777.0,tuckepj01,200782.0,1610612752.0
515,P.J. Tucker,NYK,12025777.0,3468960.0,,,,,486777.0,tuckepj01,200782.0,1610612752.0
516,Chuma Okeke,PHI,355687.0,2546675.0,,,,,239944.0,okekech01,1629643.0,1610612755.0
517,Chuma Okeke,PHI,355687.0,2546675.0,,,,,239944.0,okekech01,1629643.0,1610612755.0
518,Elfrid Payton,CHO,789048.0,3153598.0,,,,,239944.0,paytoel01,203901.0,
519,Elfrid Payton,CHO,789048.0,3153598.0,,,,,239944.0,paytoel01,203901.0,
520,Cole Swider,TOR,227947.0,,,,,,227947.0,swideco01,1631306.0,1610612761.0
521,Jalen McDaniels,WAS,4861772.0,,,,,,119972.0,mcdanja01,1629667.0,1610612764.0
522,Jared Rhoden,TOR,119972.0,,,,,,119972.0,rhodeja01,1631197.0,1610612761.0
523,Eugene Omoruyi,TOR,119972.0,,,,,,119972.0,omorueu01,1630647.0,1610612761.0
524,Terry Taylor,SAC,119972.0,,,,,,119972.0,taylote01,1630678.0,1610612758.0
525,Skal Labissière,SAC,119972.0,,,,,,119972.0,labissk01,,1610612758.0
526,Daishen Nix,SAC,119972.0,,,,,,119972.0,nixda01,1630227.0,1610612758.0
527,Oshae Brissett,PHI,119972.0,,,,,,119972.0,brissos01,1629052.0,1610612755.0
528,David Roddy,PHI,2967212.0,,,,,,119972.0,roddyda01,1631223.0,1610612755.0
529,Mo Bamba,NOP,2207491.0,,,,,,119972.0,bambamo01,1628964.0,1610612740.0
530,Jahlil Okafor,IND,119972.0,,,,,,119972.0,okafoja01,1626143.0,1610612754.0
531,Moses Brown,DAL,426632.0,,,,,,119972.0,brownmo01,1629650.0,1610612742.0
532,Malachi Flynn,CHO,119972.0,,,,,,119972.0,flynnma01,1630201.0,
533,Killian Hayes,BRK,119972.0,,,,,,119972.0,hayeski01,1630165.0,
534,Kevon Harris,ATL,119972.0,,,,,,119972.0,harrike01,1630284.0,1610612737.0
535,Chuma Okeke,CLE,355687.0,2546675.0,,,,,115743.0,okekech01,1629643.0,1610612739.0
536,Drew Timme,BRK,113055.0,1955377.0,,,,,113055.0,timmedr01,1631166.0,
537,Cole Swider,TOR,227947.0,,,,,,227947.0,swideco01,1631306.0,1610612761.0
538,Colin Castleton,TOR,421081.0,2191897.0,,,,,2505951.0,castlco01,1630658.0,1610612761.0
539,Colin Castleton,TOR,421081.0,2191897.0,,,,,2505951.0,castlco01,1630658.0,1610612761.0
540,Colin Castleton,PHI,421081.0,2191897.0,,,,,107027.0,castlco01,1630658.0,1610612755.0
541,Marcus Garrett,CHO,107027.0,,,,,,107027.0,garrema01,1630585.0,
542,Colin Castleton,TOR,421081.0,2191897.0,,,,,2505951.0,castlco01,1630658.0,1610612761.0
543,Javon Freeman-Liberty,TOR,100000.0,,,,,,100000.0,freemja01,1631241.0,1610612761.0
544,A.J. Lawson,TOR,100000.0,2270735.0,,,,,100000.0,lawsoaj01,1630639.0,1610612761.0
545,Marcus Bagley,PHI,126356.0,,,,,,126356.0,baglema02,1630542.0,1610612755.0
546,Kylor Kelley,NOP,73153.0,,,,,,73153.0,kelleky01,1630283.0,1610612740.0
547,Jaylen Sims,CHO,73153.0,,,,,,73153.0,simsja01,,
548,Erik Stevenson,WAS,66503.0,,,,,,66503.0,steveer01,,1610612764.0
549,Phillip Wheeler,PHI,66503.0,,,,,,66503.0,wheelph02,1630762.0,1610612755.0
550,Yuri Collins,GSW,66503.0,,,,,,66503.0,colliyu01,1641879.0,1610612744.0
551,Nae'Qwan Tomlin,CLE,66503.0,,,,,,66503.0,tomlina01,1641772.0,1610612739.0
552,Branden Carlson,OKC,496519.0,,,,,,496519.0,carlsbr01,1642382.0,1610612760.0
553,Branden Carlson,OKC,496519.0,,,,,,496519.0,carlsbr01,1642382.0,1610612760.0
554,Terence Davis,SAC,64301.0,2546675.0,,,,,64301.0,daviste02,1629056.0,1610612758.0
555,Marcus Bagley,PHI,126356.0,,,,,,126356.0,baglema02,1630542.0,1610612755.0
556,Brandon Williams,DAL,47989.0,2270735.0,,,,,47989.0,willibr03,1630314.0,1610612742.0
557,Javante McCoy,DET,47265.0,,,,,,47265.0,mccoyja01,,1610612765.0
558,Elfrid Payton,NOP,789048.0,3153598.0,,,,,549104.0,paytoel01,203901.0,1610612740.0
559,Isaiah Mobley,PHI,11997.0,,,,,,11997.0,mobleis01,1630600.0,1610612755.0
560,Braxton Key,GSW,11997.0,,,,,,11997.0,keybr01,1630296.0,1610612744.0
561,JD Davison,BOS,11997.0,2270735.0,,,,,11997.0,davisjd01,1631120.0,1610612738.0
562,Kylor Kelley,NOP,73153.0,,,,,,73153.0,kelleky01,1630283.0,1610612740.0
563,Jaylen Sims,CHO,73153.0,,,,,,73153.0,simsja01,,
